mean_fit_time,std_fit_time,mean_score_time,std_score_time,param_bootstrap,param_class_weight,param_criterion,param_max_depth,param_max_features,param_min_samples_leaf,param_min_samples_split,param_n_estimators,params,split0_test_score,split1_test_score,split2_test_score,mean_test_score,std_test_score,rank_test_score
89.83091274897258,0.8048685169043737,4.85858678817749,0.042625065142604744,True,balanced,gini,2,sqrt,1,5,1500,"{'bootstrap': True, 'class_weight': 'balanced', 'criterion': 'gini', 'max_depth': 2, 'max_features': 'sqrt', 'min_samples_leaf': 1, 'min_samples_split': 5, 'n_estimators': 1500}",0.755,0.7635870835085752,0.7592878171877191,0.7592916335654314,0.0035056632011042812,90
106.05276981989543,1.4425939331966202,5.842336177825928,0.2501625778481643,True,balanced,gini,2,sqrt,1,5,1750,"{'bootstrap': True, 'class_weight': 'balanced', 'criterion': 'gini', 'max_depth': 2, 'max_features': 'sqrt', 'min_samples_leaf': 1, 'min_samples_split': 5, 'n_estimators': 1750}",0.7547663551401869,0.762886116173653,0.7591008925650732,0.7589177879596377,0.003317406143615568,98
132.40277020136514,0.4418396939704217,7.152305603027344,0.11486306763404243,True,balanced,gini,2,sqrt,1,5,2000,"{'bootstrap': True, 'class_weight': 'balanced', 'criterion': 'gini', 'max_depth': 2, 'max_features': 'sqrt', 'min_samples_leaf': 1, 'min_samples_split': 5, 'n_estimators': 2000}",0.7560280373831776,0.7578858825178747,0.7595214729660265,0.7578117976223595,0.0014271508847318306,107
101.38862045605977,0.8738280614186745,4.858455816904704,0.03969837417439688,True,balanced,gini,2,sqrt,1,10,1500,"{'bootstrap': True, 'class_weight': 'balanced', 'criterion': 'gini', 'max_depth': 2, 'max_features': 'sqrt', 'min_samples_leaf': 1, 'min_samples_split': 10, 'n_estimators': 1500}",0.7557943925233644,0.7625122669283612,0.7589139679424273,0.7590735424647176,0.0027448809508429373,95
122.9111692905426,0.5801686941033067,5.6475129922231035,0.05819716590914037,True,balanced,gini,2,sqrt,1,10,1750,"{'bootstrap': True, 'class_weight': 'balanced', 'criterion': 'gini', 'max_depth': 2, 'max_features': 'sqrt', 'min_samples_leaf': 1, 'min_samples_split': 10, 'n_estimators': 1750}",0.7570560747663552,0.7614374503481471,0.7586335810084583,0.7590423687076536,0.0018118946868661563,96
138.70944023132324,0.8140216922513841,6.759688297907512,0.06801734031331856,True,balanced,gini,2,sqrt,1,10,2000,"{'bootstrap': True, 'class_weight': 'balanced', 'criterion': 'gini', 'max_depth': 2, 'max_features': 'sqrt', 'min_samples_leaf': 1, 'min_samples_split': 10, 'n_estimators': 2000}",0.7584579439252337,0.7606430207019019,0.7591943548763961,0.7594317731678438,0.0009077135061310974,89
101.97354388237,0.8500025991988736,5.041448990503947,0.12999183156539013,True,balanced,gini,2,sqrt,1,20,1500,"{'bootstrap': True, 'class_weight': 'balanced', 'criterion': 'gini', 'max_depth': 2, 'max_features': 'sqrt', 'min_samples_leaf': 1, 'min_samples_split': 20, 'n_estimators': 1500}",0.7569626168224299,0.7580728071405206,0.7563437543810458,0.7571263927813322,0.0007153194087480914,108
120.72145096460979,0.5270226937214278,6.357413291931152,0.23611146039947828,True,balanced,gini,2,sqrt,1,20,1750,"{'bootstrap': True, 'class_weight': 'balanced', 'criterion': 'gini', 'max_depth': 2, 'max_features': 'sqrt', 'min_samples_leaf': 1, 'min_samples_split': 20, 'n_estimators': 1750}",0.7586915887850467,0.7625589980840226,0.7601289779896256,0.7604598549528984,0.0015961042875429969,83
146.3262298901876,2.3468489171646665,7.709785620371501,0.11897947484058143,True,balanced,gini,2,sqrt,1,20,2000,"{'bootstrap': True, 'class_weight': 'balanced', 'criterion': 'gini', 'max_depth': 2, 'max_features': 'sqrt', 'min_samples_leaf': 1, 'min_samples_split': 20, 'n_estimators': 2000}",0.7573364485981309,0.7613439880368241,0.760456096079256,0.7597121775714037,0.0017185563996010144,88
110.81956267356873,0.5938226502572428,5.195929050445557,0.0755739652666854,True,balanced,gini,2,sqrt,2,5,1500,"{'bootstrap': True, 'class_weight': 'balanced', 'criterion': 'gini', 'max_depth': 2, 'max_features': 'sqrt', 'min_samples_leaf': 2, 'min_samples_split': 5, 'n_estimators': 1500}",0.7576635514018691,0.7598953222113183,0.7589139679424273,0.7588242805185382,0.0009133210870152978,101
118.5814836025238,0.5851150604648182,3.907142480214437,0.0582929083049115,True,balanced,gini,2,sqrt,2,5,1750,"{'bootstrap': True, 'class_weight': 'balanced', 'criterion': 'gini', 'max_depth': 2, 'max_features': 'sqrt', 'min_samples_leaf': 2, 'min_samples_split': 5, 'n_estimators': 1750}",0.7575700934579439,0.7588672367867657,0.7645684377774662,0.760335256007392,0.0030397934280411766,84
122.99093890190125,0.36921939441733254,4.270670493443807,0.11582065469923992,True,balanced,gini,2,sqrt,2,5,2000,"{'bootstrap': True, 'class_weight': 'balanced', 'criterion': 'gini', 'max_depth': 2, 'max_features': 'sqrt', 'min_samples_leaf': 2, 'min_samples_split': 5, 'n_estimators': 2000}",0.7593457943925234,0.7598485910556568,0.7584933875414739,0.7592292576632179,0.000559362582571353,91
65.69884570439656,1.0272340782876495,3.2141390641530356,0.0502481903782605,True,balanced,gini,2,sqrt,2,10,1500,"{'bootstrap': True, 'class_weight': 'balanced', 'criterion': 'gini', 'max_depth': 2, 'max_features': 'sqrt', 'min_samples_leaf': 2, 'min_samples_split': 10, 'n_estimators': 1500}",0.7588317757009346,0.7569045282489836,0.7585401186971353,0.7580921408823511,0.0008481681347339281,104
75.60010353724162,1.0363829408043952,4.025883913040161,0.07210632060976166,True,balanced,gini,2,sqrt,2,10,1750,"{'bootstrap': True, 'class_weight': 'balanced', 'criterion': 'gini', 'max_depth': 2, 'max_features': 'sqrt', 'min_samples_leaf': 2, 'min_samples_split': 10, 'n_estimators': 1750}",0.7585514018691589,0.7602691714566101,0.7615776438151316,0.7601327390469669,0.0012392189558190574,86
107.91915988922119,2.298687921319769,6.524685303370158,0.05132809757881211,True,balanced,gini,2,sqrt,2,10,2000,"{'bootstrap': True, 'class_weight': 'balanced', 'criterion': 'gini', 'max_depth': 2, 'max_features': 'sqrt', 'min_samples_leaf': 2, 'min_samples_split': 10, 'n_estimators': 2000}",0.7578504672897196,0.758399925230151,0.7610168699471938,0.7590890874890214,0.001381481067937212,94
88.87377993265788,0.5871157522434831,4.888735135396321,0.014611730738966586,True,balanced,gini,2,sqrt,2,20,1500,"{'bootstrap': True, 'class_weight': 'balanced', 'criterion': 'gini', 'max_depth': 2, 'max_features': 'sqrt', 'min_samples_leaf': 2, 'min_samples_split': 20, 'n_estimators': 1500}",0.7593457943925234,0.7621851488387308,0.759474741810365,0.7603352283472065,0.0013091501640029473,85
114.0489736398061,1.0768516413809581,5.782171646753947,0.18941608829977838,True,balanced,gini,2,sqrt,2,20,1750,"{'bootstrap': True, 'class_weight': 'balanced', 'criterion': 'gini', 'max_depth': 2, 'max_features': 'sqrt', 'min_samples_leaf': 2, 'min_samples_split': 20, 'n_estimators': 1750}",0.7568691588785047,0.7591943548763961,0.7579793448291976,0.7580142861946996,0.0009495787772901825,105
131.57893347740173,0.5724088481367207,6.488556146621704,0.044953013153757895,True,balanced,gini,2,sqrt,2,20,2000,"{'bootstrap': True, 'class_weight': 'balanced', 'criterion': 'gini', 'max_depth': 2, 'max_features': 'sqrt', 'min_samples_leaf': 2, 'min_samples_split': 20, 'n_estimators': 2000}",0.7563084112149533,0.7620449553717463,0.7591008925650732,0.7591514197172575,0.0023422068597144267,92
98.8204329808553,0.7077689669082792,5.315528313318889,0.2997210423968615,True,balanced,gini,2,sqrt,4,5,1500,"{'bootstrap': True, 'class_weight': 'balanced', 'criterion': 'gini', 'max_depth': 2, 'max_features': 'sqrt', 'min_samples_leaf': 4, 'min_samples_split': 5, 'n_estimators': 1500}",0.7569626168224299,0.760549558390579,0.7564839478480303,0.757998707687013,0.0018142786409801805,106
116.12377858161926,2.1197709696851765,5.949215014775594,0.2186496636107707,True,balanced,gini,2,sqrt,4,5,1750,"{'bootstrap': True, 'class_weight': 'balanced', 'criterion': 'gini', 'max_depth': 2, 'max_features': 'sqrt', 'min_samples_leaf': 4, 'min_samples_split': 5, 'n_estimators': 1750}",0.757803738317757,0.7578391513622131,0.759474741810365,0.7583725438301118,0.0007795057458352323,103
131.75898655255637,1.281453909476233,6.509986877441406,0.020306286909597578,True,balanced,gini,2,sqrt,4,5,2000,"{'bootstrap': True, 'class_weight': 'balanced', 'criterion': 'gini', 'max_depth': 2, 'max_features': 'sqrt', 'min_samples_leaf': 4, 'min_samples_split': 5, 'n_estimators': 2000}",0.7593925233644859,0.7605028272349175,0.7598953222113183,0.7599302242702405,0.00045395101531742004,87
97.31682093938191,0.8370541142227872,4.873806556065877,0.032363940031080764,True,balanced,gini,2,sqrt,4,10,1500,"{'bootstrap': True, 'class_weight': 'balanced', 'criterion': 'gini', 'max_depth': 2, 'max_features': 'sqrt', 'min_samples_leaf': 4, 'min_samples_split': 10, 'n_estimators': 1500}",0.7576168224299066,0.7608299453245478,0.757138184027291,0.7585283172605818,0.001639185262814336,102
114.96616498629253,1.3625611447907784,5.723526398340861,0.1574721944963161,True,balanced,gini,2,sqrt,4,10,1750,"{'bootstrap': True, 'class_weight': 'balanced', 'criterion': 'gini', 'max_depth': 2, 'max_features': 'sqrt', 'min_samples_leaf': 4, 'min_samples_split': 10, 'n_estimators': 1750}",0.7570093457943925,0.7599887845226413,0.76531613626805,0.7607714221950279,0.0034360911210260052,82
130.98765699068704,0.9163482052347028,6.46288537979126,0.042903645606196854,True,balanced,gini,2,sqrt,4,10,2000,"{'bootstrap': True, 'class_weight': 'balanced', 'criterion': 'gini', 'max_depth': 2, 'max_features': 'sqrt', 'min_samples_leaf': 4, 'min_samples_split': 10, 'n_estimators': 2000}",0.7574299065420561,0.7597551287443338,0.7601289779896256,0.7591046710920052,0.0011940318359451808,93
95.82399741808574,0.3566962109872718,4.785140196482341,0.04299475789330473,True,balanced,gini,2,sqrt,4,20,1500,"{'bootstrap': True, 'class_weight': 'balanced', 'criterion': 'gini', 'max_depth': 2, 'max_features': 'sqrt', 'min_samples_leaf': 4, 'min_samples_split': 20, 'n_estimators': 1500}",0.7564018691588785,0.7590541614094116,0.7610168699471938,0.7588243001718279,0.0018910641114542111,99
112.98680528004964,0.7047155935444905,5.562464316685994,0.07299376745869064,True,balanced,gini,2,sqrt,4,20,1750,"{'bootstrap': True, 'class_weight': 'balanced', 'criterion': 'gini', 'max_depth': 2, 'max_features': 'sqrt', 'min_samples_leaf': 4, 'min_samples_split': 20, 'n_estimators': 1750}",0.7574299065420561,0.7600355156783027,0.7590074302537502,0.7588242841580364,0.0010715896640052717,100
128.29233733812967,1.0297772712894797,6.5879402955373125,0.04229593287161658,True,balanced,gini,2,sqrt,4,20,2000,"{'bootstrap': True, 'class_weight': 'balanced', 'criterion': 'gini', 'max_depth': 2, 'max_features': 'sqrt', 'min_samples_leaf': 4, 'min_samples_split': 20, 'n_estimators': 2000}",0.7557943925233644,0.7600355156783027,0.7612037945698397,0.759011234257169,0.002324115881701035,97
214.78330222765604,1.0999673488917814,6.598863363265991,0.05414495396882259,True,balanced,gini,5,sqrt,1,5,1500,"{'bootstrap': True, 'class_weight': 'balanced', 'criterion': 'gini', 'max_depth': 5, 'max_features': 'sqrt', 'min_samples_leaf': 1, 'min_samples_split': 5, 'n_estimators': 1500}",0.7956542056074767,0.7953175382027198,0.7928875181083228,0.7946197539728397,0.001232562926884606,79
249.15128286679587,0.7341426770780594,7.67957878112793,0.012015762687807529,True,balanced,gini,5,sqrt,1,5,1750,"{'bootstrap': True, 'class_weight': 'balanced', 'criterion': 'gini', 'max_depth': 5, 'max_features': 'sqrt', 'min_samples_leaf': 1, 'min_samples_split': 5, 'n_estimators': 1750}",0.7965887850467289,0.7939156035328754,0.7943829150894902,0.7949624345563647,0.0011657206528916096,71
284.63712271054584,0.9182254918475417,8.778127431869507,0.06120117991796829,True,balanced,gini,5,sqrt,1,5,2000,"{'bootstrap': True, 'class_weight': 'balanced', 'criterion': 'gini', 'max_depth': 5, 'max_features': 'sqrt', 'min_samples_leaf': 1, 'min_samples_split': 5, 'n_estimators': 2000}",0.7956542056074767,0.7942894527781672,0.7952240758913968,0.7950559114256802,0.0005697057936188677,67
213.27082935969034,0.5675818228873606,6.588594992955525,0.034992866213079205,True,balanced,gini,5,sqrt,1,10,1500,"{'bootstrap': True, 'class_weight': 'balanced', 'criterion': 'gini', 'max_depth': 5, 'max_features': 'sqrt', 'min_samples_leaf': 1, 'min_samples_split': 10, 'n_estimators': 1500}",0.7974766355140187,0.7962521613159493,0.7932613673536146,0.7956633880611942,0.001770520050750679,57
248.92648442586264,0.37045957676794883,7.8737397988637285,0.40756553754017755,True,balanced,gini,5,sqrt,1,10,1750,"{'bootstrap': True, 'class_weight': 'balanced', 'criterion': 'gini', 'max_depth': 5, 'max_features': 'sqrt', 'min_samples_leaf': 1, 'min_samples_split': 10, 'n_estimators': 1750}",0.7947196261682243,0.7949904201130894,0.7948034954904435,0.7948378472572525,0.00011318825927355698,76
284.35882902145386,0.6403411975112439,8.731597423553467,0.04178273043339286,True,balanced,gini,5,sqrt,1,10,2000,"{'bootstrap': True, 'class_weight': 'balanced', 'criterion': 'gini', 'max_depth': 5, 'max_features': 'sqrt', 'min_samples_leaf': 1, 'min_samples_split': 10, 'n_estimators': 2000}",0.7953271028037383,0.7944296462451517,0.7953642693583812,0.7950403394690904,0.00043209181008941396,68
212.89956545829773,0.15579639035465834,6.663004477818807,0.16663790411136956,True,balanced,gini,5,sqrt,1,20,1500,"{'bootstrap': True, 'class_weight': 'balanced', 'criterion': 'gini', 'max_depth': 5, 'max_features': 'sqrt', 'min_samples_leaf': 1, 'min_samples_split': 20, 'n_estimators': 1500}",0.7957009345794392,0.7950838824244123,0.7947100331791205,0.7951649500609906,0.0004085750584357995,64
247.69225732485452,1.0986146131339671,7.705709298451741,0.0557992526583126,True,balanced,gini,5,sqrt,1,20,1750,"{'bootstrap': True, 'class_weight': 'balanced', 'criterion': 'gini', 'max_depth': 5, 'max_features': 'sqrt', 'min_samples_leaf': 1, 'min_samples_split': 20, 'n_estimators': 1750}",0.795373831775701,0.7951773447357353,0.7944296462451517,0.7949936075855293,0.00040676863554854457,69
285.6771222750346,1.181835862695047,8.769624948501587,0.07940868839189341,True,balanced,gini,5,sqrt,1,20,2000,"{'bootstrap': True, 'class_weight': 'balanced', 'criterion': 'gini', 'max_depth': 5, 'max_features': 'sqrt', 'min_samples_leaf': 1, 'min_samples_split': 20, 'n_estimators': 2000}",0.7955607476635514,0.7947100331791205,0.7949904201130894,0.7950870669852538,0.0003539625657509849,66
212.8933720588684,0.20707380602737901,6.625897328058879,0.08440449963793771,True,balanced,gini,5,sqrt,2,5,1500,"{'bootstrap': True, 'class_weight': 'balanced', 'criterion': 'gini', 'max_depth': 5, 'max_features': 'sqrt', 'min_samples_leaf': 2, 'min_samples_split': 5, 'n_estimators': 1500}",0.795607476635514,0.7938221412215524,0.7952708070470583,0.7949001416347082,0.0007745537515330548,73
249.4188240369161,0.3324273683974834,8.248432954152426,0.13793684973272705,True,balanced,gini,5,sqrt,2,5,1750,"{'bootstrap': True, 'class_weight': 'balanced', 'criterion': 'gini', 'max_depth': 5, 'max_features': 'sqrt', 'min_samples_leaf': 2, 'min_samples_split': 5, 'n_estimators': 1750}",0.7956542056074767,0.7946165708677976,0.7945231085564746,0.7949312950105828,0.0005125970472248211,72
285.0438913504283,0.10618759206571801,8.738177220026651,0.16044107736663468,True,balanced,gini,5,sqrt,2,5,2000,"{'bootstrap': True, 'class_weight': 'balanced', 'criterion': 'gini', 'max_depth': 5, 'max_features': 'sqrt', 'min_samples_leaf': 2, 'min_samples_split': 5, 'n_estimators': 2000}",0.7963084112149532,0.7957848497593345,0.7944763774008131,0.7955232127917004,0.0007704662662582115,58
214.2434332370758,0.48805148705588197,6.6003367106119795,0.1327710658280434,True,balanced,gini,5,sqrt,2,10,1500,"{'bootstrap': True, 'class_weight': 'balanced', 'criterion': 'gini', 'max_depth': 5, 'max_features': 'sqrt', 'min_samples_leaf': 2, 'min_samples_split': 10, 'n_estimators': 1500}",0.7966355140186916,0.7954110005140427,0.7942427216225058,0.7954297453850799,0.0009769433250207324,60
248.37905383110046,0.3640619984035075,7.64502477645874,0.04230244072501727,True,balanced,gini,5,sqrt,2,10,1750,"{'bootstrap': True, 'class_weight': 'balanced', 'criterion': 'gini', 'max_depth': 5, 'max_features': 'sqrt', 'min_samples_leaf': 2, 'min_samples_split': 10, 'n_estimators': 1750}",0.7959345794392524,0.7938221412215524,0.7935417542875836,0.794432824982796,0.001068052446839523,80
282.68652598063153,1.8016446428665598,9.318842967351278,0.15765078080245468,True,balanced,gini,5,sqrt,2,10,2000,"{'bootstrap': True, 'class_weight': 'balanced', 'criterion': 'gini', 'max_depth': 5, 'max_features': 'sqrt', 'min_samples_leaf': 2, 'min_samples_split': 10, 'n_estimators': 2000}",0.7958878504672897,0.794663302023459,0.7951306135800739,0.7952272553569409,0.0005045687581813787,63
213.174978017807,0.3114461182197893,7.279610872268677,0.4759052683206637,True,balanced,gini,5,sqrt,2,20,1500,"{'bootstrap': True, 'class_weight': 'balanced', 'criterion': 'gini', 'max_depth': 5, 'max_features': 'sqrt', 'min_samples_leaf': 2, 'min_samples_split': 20, 'n_estimators': 1500}",0.7955607476635514,0.7946165708677976,0.7940090658441983,0.794728794791849,0.0006384224170954165,78
249.37391344706217,0.49602004437885183,7.836608012517293,0.13409942545384335,True,balanced,gini,5,sqrt,2,20,1750,"{'bootstrap': True, 'class_weight': 'balanced', 'criterion': 'gini', 'max_depth': 5, 'max_features': 'sqrt', 'min_samples_leaf': 2, 'min_samples_split': 20, 'n_estimators': 1750}",0.7957943925233645,0.7942894527781672,0.7941492593111827,0.7947443682042382,0.000744681970201073,77
284.03427680333454,1.0397521405836558,8.89002283414205,0.3329402440222713,True,balanced,gini,5,sqrt,2,20,2000,"{'bootstrap': True, 'class_weight': 'balanced', 'criterion': 'gini', 'max_depth': 5, 'max_features': 'sqrt', 'min_samples_leaf': 2, 'min_samples_split': 20, 'n_estimators': 2000}",0.7962149532710281,0.7954577316697042,0.7948034954904435,0.7954920601437253,0.0005767362769294485,59
217.09992488225302,0.2651471479216686,6.742247660954793,0.03236978896945623,True,balanced,gini,5,sqrt,4,5,1500,"{'bootstrap': True, 'class_weight': 'balanced', 'criterion': 'gini', 'max_depth': 5, 'max_features': 'sqrt', 'min_samples_leaf': 4, 'min_samples_split': 5, 'n_estimators': 1500}",0.7965887850467289,0.7943361839338287,0.7948969578017664,0.795273975594108,0.0009574827257855109,62
254.08528939882913,0.5026735935000711,8.221433162689209,0.11528187362284106,True,balanced,gini,5,sqrt,4,5,1750,"{'bootstrap': True, 'class_weight': 'balanced', 'criterion': 'gini', 'max_depth': 5, 'max_features': 'sqrt', 'min_samples_leaf': 4, 'min_samples_split': 5, 'n_estimators': 1750}",0.795607476635514,0.7941492593111827,0.7951773447357353,0.7949780268941441,0.0006117707319616934,70
288.3175760904948,0.523449440459147,8.890366236368815,0.10361089842978762,True,balanced,gini,5,sqrt,4,5,2000,"{'bootstrap': True, 'class_weight': 'balanced', 'criterion': 'gini', 'max_depth': 5, 'max_features': 'sqrt', 'min_samples_leaf': 4, 'min_samples_split': 5, 'n_estimators': 2000}",0.7960280373831776,0.7941492593111827,0.7953175382027198,0.7951649449656933,0.0007745602119662679,65
213.4415806134542,0.8349242443469241,6.632783889770508,0.010503600692738188,True,balanced,gini,5,sqrt,4,10,1500,"{'bootstrap': True, 'class_weight': 'balanced', 'criterion': 'gini', 'max_depth': 5, 'max_features': 'sqrt', 'min_samples_leaf': 4, 'min_samples_split': 10, 'n_estimators': 1500}",0.7972429906542056,0.7950838824244123,0.7951773447357353,0.795834739271451,0.0009965148497578743,55
248.5317099094391,0.5497220090142745,7.834345658620198,0.0813636684271037,True,balanced,gini,5,sqrt,4,10,1750,"{'bootstrap': True, 'class_weight': 'balanced', 'criterion': 'gini', 'max_depth': 5, 'max_features': 'sqrt', 'min_samples_leaf': 4, 'min_samples_split': 10, 'n_estimators': 1750}",0.7955607476635514,0.7940557969998598,0.7950371512687509,0.7948845653107206,0.0006237953622663088,74
282.9608572324117,0.6101267098849419,8.76932422320048,0.06391134119687178,True,balanced,gini,5,sqrt,4,10,2000,"{'bootstrap': True, 'class_weight': 'balanced', 'criterion': 'gini', 'max_depth': 5, 'max_features': 'sqrt', 'min_samples_leaf': 4, 'min_samples_split': 10, 'n_estimators': 2000}",0.795,0.7940090658441983,0.7941492593111827,0.794386108385127,0.00043784376068397814,81
213.79618183771768,0.397507968655851,6.865172545115153,0.09085143789391739,True,balanced,gini,5,sqrt,4,20,1500,"{'bootstrap': True, 'class_weight': 'balanced', 'criterion': 'gini', 'max_depth': 5, 'max_features': 'sqrt', 'min_samples_leaf': 4, 'min_samples_split': 20, 'n_estimators': 1500}",0.7961682242990654,0.7954577316697042,0.7955044628253657,0.7957101395980452,0.00032447613698494555,56
250.27230246861777,0.5322252027520076,7.622031132380168,0.03174257469417282,True,balanced,gini,5,sqrt,4,20,1750,"{'bootstrap': True, 'class_weight': 'balanced', 'criterion': 'gini', 'max_depth': 5, 'max_features': 'sqrt', 'min_samples_leaf': 4, 'min_samples_split': 20, 'n_estimators': 1750}",0.7963084112149532,0.7950371512687509,0.7947100331791205,0.7953518652209416,0.0006894378096854131,61
284.64090037345886,0.9999793083984715,8.816276709238688,0.02544219199649058,True,balanced,gini,5,sqrt,4,20,2000,"{'bootstrap': True, 'class_weight': 'balanced', 'criterion': 'gini', 'max_depth': 5, 'max_features': 'sqrt', 'min_samples_leaf': 4, 'min_samples_split': 20, 'n_estimators': 2000}",0.7960747663551402,0.794663302023459,0.7938221412215524,0.7948534032000505,0.0009294026185760346,75
414.5204622745514,0.5481280404989185,12.107160965601603,0.05462677582528911,True,balanced,gini,10,sqrt,1,5,1500,"{'bootstrap': True, 'class_weight': 'balanced', 'criterion': 'gini', 'max_depth': 10, 'max_features': 'sqrt', 'min_samples_leaf': 1, 'min_samples_split': 5, 'n_estimators': 1500}",0.8769158878504673,0.8775176410112622,0.8738726108696668,0.8761020465771322,0.0015954757695689592,31
485.31111725171405,0.6088969109245613,14.232792854309082,0.08898425623231064,True,balanced,gini,10,sqrt,1,5,1750,"{'bootstrap': True, 'class_weight': 'balanced', 'criterion': 'gini', 'max_depth': 10, 'max_features': 'sqrt', 'min_samples_leaf': 1, 'min_samples_split': 5, 'n_estimators': 1750}",0.8772897196261682,0.877891490256554,0.8741997289592972,0.8764603129473398,0.0016172429106650714,29
553.9837863445282,1.0081689707094779,16.172338485717773,0.17339383212218923,True,balanced,gini,10,sqrt,1,5,2000,"{'bootstrap': True, 'class_weight': 'balanced', 'criterion': 'gini', 'max_depth': 10, 'max_features': 'sqrt', 'min_samples_leaf': 1, 'min_samples_split': 5, 'n_estimators': 2000}",0.8775700934579439,0.877891490256554,0.8740128043366513,0.8764914626837165,0.0017575806053864377,28
415.61752311388653,0.4858410998733777,12.003366549809774,0.03658380736254199,True,balanced,gini,10,sqrt,1,10,1500,"{'bootstrap': True, 'class_weight': 'balanced', 'criterion': 'gini', 'max_depth': 10, 'max_features': 'sqrt', 'min_samples_leaf': 1, 'min_samples_split': 10, 'n_estimators': 1500}",0.8755607476635514,0.8763026309640637,0.8727977942894528,0.8748870576390226,0.0015080591756264172,38
483.7504843870799,0.8743027697245219,14.128741105397543,0.20579443117479196,True,balanced,gini,10,sqrt,1,10,1750,"{'bootstrap': True, 'class_weight': 'balanced', 'criterion': 'gini', 'max_depth': 10, 'max_features': 'sqrt', 'min_samples_leaf': 1, 'min_samples_split': 10, 'n_estimators': 1750}",0.875607476635514,0.8764895555867097,0.873405299313052,0.8751674438450919,0.0012970173046607675,35
554.5555642445883,0.3483868617005486,16.235886017481487,0.05138286138790909,True,balanced,gini,10,sqrt,1,10,2000,"{'bootstrap': True, 'class_weight': 'balanced', 'criterion': 'gini', 'max_depth': 10, 'max_features': 'sqrt', 'min_samples_leaf': 1, 'min_samples_split': 10, 'n_estimators': 2000}",0.875607476635514,0.8765362867423712,0.8735454927800365,0.8752297520526405,0.0012498583990902367,34
415.79747200012207,0.8552295673655582,12.004446268081665,0.03407853671694752,True,balanced,gini,10,sqrt,1,20,1500,"{'bootstrap': True, 'class_weight': 'balanced', 'criterion': 'gini', 'max_depth': 10, 'max_features': 'sqrt', 'min_samples_leaf': 1, 'min_samples_split': 20, 'n_estimators': 1500}",0.8722897196261682,0.8727510631337912,0.8706481611290248,0.8718963146296614,0.0009024503047703339,48
484.8330235481262,0.7385080784575448,14.047245343526205,0.10570041078249147,True,balanced,gini,10,sqrt,1,20,1750,"{'bootstrap': True, 'class_weight': 'balanced', 'criterion': 'gini', 'max_depth': 10, 'max_features': 'sqrt', 'min_samples_leaf': 1, 'min_samples_split': 20, 'n_estimators': 1750}",0.8726635514018691,0.8720033646432076,0.8702275807280714,0.8716314989243826,0.0010286565236684638,51
554.4773136774699,0.49010893232048874,16.008662700653076,0.10668522857139737,True,balanced,gini,10,sqrt,1,20,2000,"{'bootstrap': True, 'class_weight': 'balanced', 'criterion': 'gini', 'max_depth': 10, 'max_features': 'sqrt', 'min_samples_leaf': 1, 'min_samples_split': 20, 'n_estimators': 2000}",0.872803738317757,0.872423945044161,0.8710220103743166,0.8720832312454115,0.000766247582096388,46
417.562358935674,0.6067948922032482,12.467622995376587,0.30221245493484183,True,balanced,gini,10,sqrt,2,5,1500,"{'bootstrap': True, 'class_weight': 'balanced', 'criterion': 'gini', 'max_depth': 10, 'max_features': 'sqrt', 'min_samples_leaf': 2, 'min_samples_split': 5, 'n_estimators': 1500}",0.8772897196261682,0.876910135987663,0.8749941586055423,0.8763980047397911,0.0010046919631208062,30
483.6199673811595,1.0383896448059846,14.276103099187216,0.13753714710581913,True,balanced,gini,10,sqrt,2,5,1750,"{'bootstrap': True, 'class_weight': 'balanced', 'criterion': 'gini', 'max_depth': 10, 'max_features': 'sqrt', 'min_samples_leaf': 2, 'min_samples_split': 5, 'n_estimators': 1750}",0.875233644859813,0.876910135987663,0.8737791485583438,0.8753076431352733,0.0012792907876937067,33
553.4736153284708,0.7101902674930649,16.748802185058594,0.10701939193489493,True,balanced,gini,10,sqrt,2,5,2000,"{'bootstrap': True, 'class_weight': 'balanced', 'criterion': 'gini', 'max_depth': 10, 'max_features': 'sqrt', 'min_samples_leaf': 2, 'min_samples_split': 5, 'n_estimators': 2000}",0.8766355140186916,0.8776111033225852,0.873405299313052,0.8758839722181095,0.0017973699582385845,32
420.36018538475037,1.1419177951076247,12.596173524856567,0.10066379933722056,True,balanced,gini,10,sqrt,2,10,1500,"{'bootstrap': True, 'class_weight': 'balanced', 'criterion': 'gini', 'max_depth': 10, 'max_features': 'sqrt', 'min_samples_leaf': 2, 'min_samples_split': 10, 'n_estimators': 1500}",0.8755607476635514,0.8753212766951727,0.8731249123790832,0.8746689789126024,0.0010961881472097302,41
493.2349279721578,1.4523464522983223,14.560061693191528,0.07314206568755355,True,balanced,gini,10,sqrt,2,10,1750,"{'bootstrap': True, 'class_weight': 'balanced', 'criterion': 'gini', 'max_depth': 10, 'max_features': 'sqrt', 'min_samples_leaf': 2, 'min_samples_split': 10, 'n_estimators': 1750}",0.8754205607476635,0.8754614701621571,0.8726108696668069,0.8744976335255426,0.0013342480501570245,43
555.6131766637167,0.7993198023770778,16.49341320991516,0.3065864483317232,True,balanced,gini,10,sqrt,2,10,2000,"{'bootstrap': True, 'class_weight': 'balanced', 'criterion': 'gini', 'max_depth': 10, 'max_features': 'sqrt', 'min_samples_leaf': 2, 'min_samples_split': 10, 'n_estimators': 2000}",0.8748598130841122,0.8759755128744334,0.8731249123790832,0.8746534127792097,0.0011728687367364616,42
413.6249876022339,1.1295686141327408,11.881333827972412,0.11203860643642656,True,balanced,gini,10,sqrt,2,20,1500,"{'bootstrap': True, 'class_weight': 'balanced', 'criterion': 'gini', 'max_depth': 10, 'max_features': 'sqrt', 'min_samples_leaf': 2, 'min_samples_split': 20, 'n_estimators': 1500}",0.8732710280373832,0.8715360530865929,0.8711622038413009,0.8719897616550923,0.0009187576653078458,47
480.73345549901325,0.5610451447153998,13.977328221003214,0.07260857555124936,True,balanced,gini,10,sqrt,2,20,1750,"{'bootstrap': True, 'class_weight': 'balanced', 'criterion': 'gini', 'max_depth': 10, 'max_features': 'sqrt', 'min_samples_leaf': 2, 'min_samples_split': 20, 'n_estimators': 1750}",0.8721028037383177,0.8727043319781298,0.8706481611290248,0.8718184322818242,0.0008631762987665796,49
551.129741191864,0.4434235290601471,15.985272328058878,0.09613122086622689,True,balanced,gini,10,sqrt,2,20,2000,"{'bootstrap': True, 'class_weight': 'balanced', 'criterion': 'gini', 'max_depth': 10, 'max_features': 'sqrt', 'min_samples_leaf': 2, 'min_samples_split': 20, 'n_estimators': 2000}",0.8723364485981309,0.8722370204215151,0.8706481611290248,0.8717405433828902,0.0007734967063047461,50
412.4382154941559,0.7798115464625117,12.272664864857992,0.2418947545001576,True,balanced,gini,10,sqrt,4,5,1500,"{'bootstrap': True, 'class_weight': 'balanced', 'criterion': 'gini', 'max_depth': 10, 'max_features': 'sqrt', 'min_samples_leaf': 4, 'min_samples_split': 5, 'n_estimators': 1500}",0.8755607476635514,0.8767232113650171,0.8727510631337912,0.8750116740541198,0.001667453500428765,37
481.8465972741445,0.4088714138070933,14.30929692586263,0.15538694766941763,True,balanced,gini,10,sqrt,4,5,1750,"{'bootstrap': True, 'class_weight': 'balanced', 'criterion': 'gini', 'max_depth': 10, 'max_features': 'sqrt', 'min_samples_leaf': 4, 'min_samples_split': 5, 'n_estimators': 1750}",0.8754205607476635,0.8761624374970793,0.8728912566007757,0.8748247516151729,0.001400332699957382,40
553.5780840714773,0.5237525178652723,16.370042244593304,0.34315264526616845,True,balanced,gini,10,sqrt,4,5,2000,"{'bootstrap': True, 'class_weight': 'balanced', 'criterion': 'gini', 'max_depth': 10, 'max_features': 'sqrt', 'min_samples_leaf': 4, 'min_samples_split': 5, 'n_estimators': 2000}",0.8761214953271028,0.8758820505631104,0.8726576008224683,0.8748870489042272,0.001579485678038791,39
415.69287816683453,0.4646151274453015,12.148213386535645,0.014677149360417235,True,balanced,gini,10,sqrt,4,10,1500,"{'bootstrap': True, 'class_weight': 'balanced', 'criterion': 'gini', 'max_depth': 10, 'max_features': 'sqrt', 'min_samples_leaf': 4, 'min_samples_split': 10, 'n_estimators': 1500}",0.8768691588785047,0.875835319407449,0.8726576008224683,0.8751206930361407,0.0017920795095397056,36
482.37126604715985,2.6063427253323432,14.003983815511068,0.07629602383681362,True,balanced,gini,10,sqrt,4,10,1750,"{'bootstrap': True, 'class_weight': 'balanced', 'criterion': 'gini', 'max_depth': 10, 'max_features': 'sqrt', 'min_samples_leaf': 4, 'min_samples_split': 10, 'n_estimators': 1750}",0.8748598130841122,0.875835319407449,0.8725174073554839,0.874404179949015,0.0013923209068536474,44
550.8084998925527,1.2438069936110943,16.089202165603638,0.10520427851056122,True,balanced,gini,10,sqrt,4,10,2000,"{'bootstrap': True, 'class_weight': 'balanced', 'criterion': 'gini', 'max_depth': 10, 'max_features': 'sqrt', 'min_samples_leaf': 4, 'min_samples_split': 10, 'n_estimators': 2000}",0.8740186915887851,0.8751343520725268,0.8728912566007757,0.8740147667540291,0.0009157440971120764,45
412.9929091135661,0.6200769870306049,12.14806572596232,0.16246801771857802,True,balanced,gini,10,sqrt,4,20,1500,"{'bootstrap': True, 'class_weight': 'balanced', 'criterion': 'gini', 'max_depth': 10, 'max_features': 'sqrt', 'min_samples_leaf': 4, 'min_samples_split': 20, 'n_estimators': 1500}",0.8723831775700934,0.8716295153979158,0.8705079676620403,0.8715068868766832,0.000770446349194163,52
483.39478945732117,0.47672089863321904,14.013347069422403,0.12482392235196958,True,balanced,gini,10,sqrt,4,20,1750,"{'bootstrap': True, 'class_weight': 'balanced', 'criterion': 'gini', 'max_depth': 10, 'max_features': 'sqrt', 'min_samples_leaf': 4, 'min_samples_split': 20, 'n_estimators': 1750}",0.8709813084112149,0.8716762465535772,0.8700873872610869,0.8709149807419597,0.0006503424649699689,54
556.668906211853,0.5033702153284809,15.996806859970093,0.12455923512243136,True,balanced,gini,10,sqrt,4,20,2000,"{'bootstrap': True, 'class_weight': 'balanced', 'criterion': 'gini', 'max_depth': 10, 'max_features': 'sqrt', 'min_samples_leaf': 4, 'min_samples_split': 20, 'n_estimators': 2000}",0.8720560747663552,0.8718164400205617,0.8703677741950558,0.8714134296606576,0.0007458340822662635,53
633.3856767018636,2.9325710842433037,19.30117193857829,0.4705378005270183,True,balanced,gini,,sqrt,1,5,1500,"{'bootstrap': True, 'class_weight': 'balanced', 'criterion': 'gini', 'max_depth': None, 'max_features': 'sqrt', 'min_samples_leaf': 1, 'min_samples_split': 5, 'n_estimators': 1500}",0.9225700934579439,0.9221458946679751,0.92008972381887,0.9216019039815965,0.0010832059781839258,18
742.0698384443918,2.8559514984483667,22.368266503016155,0.713971161736264,True,balanced,gini,,sqrt,1,5,1750,"{'bootstrap': True, 'class_weight': 'balanced', 'criterion': 'gini', 'max_depth': None, 'max_features': 'sqrt', 'min_samples_leaf': 1, 'min_samples_split': 5, 'n_estimators': 1750}",0.9223831775700935,0.9219589700453292,0.9202299172858545,0.921524021633759,0.000931313607569377,20
845.1798595587412,4.289320576076988,25.826812664667766,0.7587080848636512,True,balanced,gini,,sqrt,1,5,2000,"{'bootstrap': True, 'class_weight': 'balanced', 'criterion': 'gini', 'max_depth': None, 'max_features': 'sqrt', 'min_samples_leaf': 1, 'min_samples_split': 5, 'n_estimators': 2000}",0.9222429906542056,0.9219122388896678,0.92008972381887,0.9214149844542479,0.0009467790999656525,22
619.7957282861074,2.287064604666992,19.362001657485962,0.2812478575144384,True,balanced,gini,,sqrt,1,10,1500,"{'bootstrap': True, 'class_weight': 'balanced', 'criterion': 'gini', 'max_depth': None, 'max_features': 'sqrt', 'min_samples_leaf': 1, 'min_samples_split': 10, 'n_estimators': 1500}",0.9236448598130841,0.9229870554698818,0.9202299172858545,0.92228727752294,0.0014793523351655854,15
728.6851728757223,4.2418197239748805,23.550663868586224,0.054683642626711444,True,balanced,gini,,sqrt,1,10,1750,"{'bootstrap': True, 'class_weight': 'balanced', 'criterion': 'gini', 'max_depth': None, 'max_features': 'sqrt', 'min_samples_leaf': 1, 'min_samples_split': 10, 'n_estimators': 1750}",0.9241588785046729,0.9230805177812047,0.9198093368849012,0.9223495777235929,0.0018493842401184548,14
832.6202134291331,2.7361105938489483,27.255152384440105,0.24465931883174052,True,balanced,gini,,sqrt,1,10,2000,"{'bootstrap': True, 'class_weight': 'balanced', 'criterion': 'gini', 'max_depth': None, 'max_features': 'sqrt', 'min_samples_leaf': 1, 'min_samples_split': 10, 'n_estimators': 2000}",0.9241588785046729,0.9230805177812047,0.920183186130193,0.9224741941386903,0.0016787403479451447,13
598.4928123156229,1.220783106391301,17.14985466003418,0.059235807978035356,True,balanced,gini,,sqrt,1,20,1500,"{'bootstrap': True, 'class_weight': 'balanced', 'criterion': 'gini', 'max_depth': None, 'max_features': 'sqrt', 'min_samples_leaf': 1, 'min_samples_split': 20, 'n_estimators': 1500}",0.9245327102803739,0.9233609047151736,0.917753166035796,0.9218822603437812,0.0029586423602541096,17
704.6566909948984,3.1779004375251363,20.56723952293396,0.07383932444821653,True,balanced,gini,,sqrt,1,20,1750,"{'bootstrap': True, 'class_weight': 'balanced', 'criterion': 'gini', 'max_depth': None, 'max_features': 'sqrt', 'min_samples_leaf': 1, 'min_samples_split': 20, 'n_estimators': 1750}",0.9242056074766355,0.9227533996915743,0.9177998971914575,0.9215863014532224,0.002742246012290153,19
803.5011450449625,2.520086076951744,23.673631191253662,0.1548368787110117,True,balanced,gini,,sqrt,1,20,2000,"{'bootstrap': True, 'class_weight': 'balanced', 'criterion': 'gini', 'max_depth': None, 'max_features': 'sqrt', 'min_samples_leaf': 1, 'min_samples_split': 20, 'n_estimators': 2000}",0.9239252336448598,0.9237814851161269,0.9182672087480723,0.9219913091696864,0.0026339904925894546,16
606.1763898531595,2.13424561587573,17.748449405034382,0.19646679447458165,True,balanced,gini,,sqrt,2,5,1500,"{'bootstrap': True, 'class_weight': 'balanced', 'criterion': 'gini', 'max_depth': None, 'max_features': 'sqrt', 'min_samples_leaf': 2, 'min_samples_split': 5, 'n_estimators': 1500}",0.9241121495327103,0.9237347539604654,0.92135146502173,0.923066122838302,0.0012221962268626006,12
712.7477127710978,1.9787730476948164,20.727893511454266,0.08247800980499376,True,balanced,gini,,sqrt,2,5,1750,"{'bootstrap': True, 'class_weight': 'balanced', 'criterion': 'gini', 'max_depth': None, 'max_features': 'sqrt', 'min_samples_leaf': 2, 'min_samples_split': 5, 'n_estimators': 1750}",0.9247663551401869,0.9238282162717883,0.9213981961773915,0.923330922529789,0.0014192954822818753,11
812.2646628220876,1.1308974388747268,23.64224370320638,0.06562752005696276,True,balanced,gini,,sqrt,2,5,2000,"{'bootstrap': True, 'class_weight': 'balanced', 'criterion': 'gini', 'max_depth': None, 'max_features': 'sqrt', 'min_samples_leaf': 2, 'min_samples_split': 5, 'n_estimators': 2000}",0.925,0.9242020655170803,0.921258002710407,0.9234866894091623,0.0016092354625028438,7
606.1106897195181,0.35479993171800295,19.333841880162556,0.10298427288251424,True,balanced,gini,,sqrt,2,10,1500,"{'bootstrap': True, 'class_weight': 'balanced', 'criterion': 'gini', 'max_depth': None, 'max_features': 'sqrt', 'min_samples_leaf': 2, 'min_samples_split': 10, 'n_estimators': 1500}",0.9260747663551402,0.9242020655170803,0.9206504976868078,0.9236424431863428,0.0022495266926412243,4
704.192546526591,1.5871593393833243,23.932790915171307,0.46434726625213896,True,balanced,gini,,sqrt,2,10,1750,"{'bootstrap': True, 'class_weight': 'balanced', 'criterion': 'gini', 'max_depth': None, 'max_features': 'sqrt', 'min_samples_leaf': 2, 'min_samples_split': 10, 'n_estimators': 1750}",0.9258878504672897,0.9239216785831114,0.9205570353754848,0.9234555214752952,0.0022011170228816786,10
809.4729626178741,2.7177929625849684,27.5896741549174,0.37356201523658733,True,balanced,gini,,sqrt,2,10,2000,"{'bootstrap': True, 'class_weight': 'balanced', 'criterion': 'gini', 'max_depth': None, 'max_features': 'sqrt', 'min_samples_leaf': 2, 'min_samples_split': 10, 'n_estimators': 2000}",0.925981308411215,0.9242487966727417,0.9206037665311463,0.9236112905383677,0.002241175245490121,5
589.5472002824148,1.3269414070807348,17.29410656293233,0.3518897042857344,True,balanced,gini,,sqrt,2,20,1500,"{'bootstrap': True, 'class_weight': 'balanced', 'criterion': 'gini', 'max_depth': None, 'max_features': 'sqrt', 'min_samples_leaf': 2, 'min_samples_split': 20, 'n_estimators': 1500}",0.922803738317757,0.9230805177812047,0.9177064348801346,0.9211968969930321,0.002470714611743769,24
687.0375669002533,1.5577055413741416,20.153280178705852,0.038510468039027926,True,balanced,gini,,sqrt,2,20,1750,"{'bootstrap': True, 'class_weight': 'balanced', 'criterion': 'gini', 'max_depth': None, 'max_features': 'sqrt', 'min_samples_leaf': 2, 'min_samples_split': 20, 'n_estimators': 1750}",0.9231308411214953,0.9230805177812047,0.9177064348801346,0.921305931260945,0.0025453112129618883,23
785.9145559469858,0.4984311917946391,23.4179683526357,0.31802000108103,True,balanced,gini,,sqrt,2,20,2000,"{'bootstrap': True, 'class_weight': 'balanced', 'criterion': 'gini', 'max_depth': None, 'max_features': 'sqrt', 'min_samples_leaf': 2, 'min_samples_split': 20, 'n_estimators': 2000}",0.9235046728971963,0.9229403243142202,0.9178933595027805,0.9214461189047324,0.0025227229808145357,21
588.6408361593882,0.670531804723719,18.98929500579834,0.09002626002921814,True,balanced,gini,,sqrt,4,5,1500,"{'bootstrap': True, 'class_weight': 'balanced', 'criterion': 'gini', 'max_depth': None, 'max_features': 'sqrt', 'min_samples_leaf': 4, 'min_samples_split': 5, 'n_estimators': 1500}",0.9268224299065421,0.9244357212953876,0.9204168419085004,0.9238916643701435,0.0026432162042473503,2
692.5377225875854,2.6920648529289384,23.25299906730652,0.12151962438647053,True,balanced,gini,,sqrt,4,5,1750,"{'bootstrap': True, 'class_weight': 'balanced', 'criterion': 'gini', 'max_depth': None, 'max_features': 'sqrt', 'min_samples_leaf': 4, 'min_samples_split': 5, 'n_estimators': 1750}",0.9264485981308411,0.9244357212953876,0.9202766484415159,0.9237203226225815,0.0025699659125728944,3
799.7244651317596,3.5396874040881,28.168154160181682,0.6329560888080169,True,balanced,gini,,sqrt,4,5,2000,"{'bootstrap': True, 'class_weight': 'balanced', 'criterion': 'gini', 'max_depth': None, 'max_features': 'sqrt', 'min_samples_leaf': 4, 'min_samples_split': 5, 'n_estimators': 2000}",0.9264018691588785,0.9244824524510491,0.921164540399084,0.9240162873363372,0.0021633901744211948,1
590.0964210033417,1.7509465306013061,18.719667116800945,0.10185582673775376,True,balanced,gini,,sqrt,4,10,1500,"{'bootstrap': True, 'class_weight': 'balanced', 'criterion': 'gini', 'max_depth': None, 'max_features': 'sqrt', 'min_samples_leaf': 4, 'min_samples_split': 10, 'n_estimators': 1500}",0.9255607476635515,0.9242487966727417,0.9209308846207767,0.9235801429856899,0.001948372186145644,6
688.5341011683146,2.495833938341658,23.132413307825725,0.13756215171188954,True,balanced,gini,,sqrt,4,10,1750,"{'bootstrap': True, 'class_weight': 'balanced', 'criterion': 'gini', 'max_depth': None, 'max_features': 'sqrt', 'min_samples_leaf': 4, 'min_samples_split': 10, 'n_estimators': 1750}",0.9258411214953272,0.9247161082293565,0.9198560680405626,0.9234710992550821,0.002597146090566205,8
785.9309270381927,2.5043264907308607,27.007896661758423,0.30655608844053384,True,balanced,gini,,sqrt,4,10,2000,"{'bootstrap': True, 'class_weight': 'balanced', 'criterion': 'gini', 'max_depth': None, 'max_features': 'sqrt', 'min_samples_leaf': 4, 'min_samples_split': 10, 'n_estimators': 2000}",0.9254672897196262,0.9245291836067105,0.9203701107528389,0.923455528026392,0.0022150787169950624,9
573.3821322123209,3.624187648974424,16.720104376475017,0.23018842766622177,True,balanced,gini,,sqrt,4,20,1500,"{'bootstrap': True, 'class_weight': 'balanced', 'criterion': 'gini', 'max_depth': None, 'max_features': 'sqrt', 'min_samples_leaf': 4, 'min_samples_split': 20, 'n_estimators': 1500}",0.9209345794392524,0.9208374223094538,0.9153231459413992,0.9190317158967019,0.0026226549159198043,27
667.8426585992178,1.2194434100886853,18.20725425084432,0.8416635085455153,True,balanced,gini,,sqrt,4,20,1750,"{'bootstrap': True, 'class_weight': 'balanced', 'criterion': 'gini', 'max_depth': None, 'max_features': 'sqrt', 'min_samples_leaf': 4, 'min_samples_split': 20, 'n_estimators': 1750}",0.9215420560747664,0.9205570353754848,0.9155100705640451,0.9192030540047654,0.0026421154989363107,25
677.4966771602631,8.710992157137087,18.195756435394287,0.2537612292847596,True,balanced,gini,,sqrt,4,20,2000,"{'bootstrap': True, 'class_weight': 'balanced', 'criterion': 'gini', 'max_depth': None, 'max_features': 'sqrt', 'min_samples_leaf': 4, 'min_samples_split': 20, 'n_estimators': 2000}",0.9211682242990654,0.9206504976868078,0.9156502640310294,0.9191563286723009,0.0024881555635772167,26
